[
  {
    "id": 877.0,
    "name": "Brazilian Shrimp & Corn Chowder",
    "description": "Coconut milk, shrimp and fresh corn",
    "short_name": "SS1",
"category_short_name": "SS",
    "small_portion_name": "pint",
    "large_portion_name": "quart",
    "price_small": 5.0,
    "price_large": 7.0
  },
  {
    "id": 878.0,
    "name": "Cuban Black Bean Soup",
    "description": "With sherry",
    "short_name": "SS2",
"category_short_name": "SS",
    "small_portion_name": "pint",
    "large_portion_name": "quart",
    "price_small": 7.0,
    "price_large": 9.0
  },
  {
    "id": 879.0,
    "name": "Gazpacho",
    "description": "Cold tomato and strawberry Spanish soup, spices, sherry vinegar",
    "short_name": "SS3",
"category_short_name": "SS",
    "small_portion_name": "pint",
    "large_portion_name": "quart",
    "price_small": 7.0,
    "price_large": 10.0
  },
  {
    "id": 880.0,
    "name": "Avocado and Greens Salad",
    "description": "Marinated heart of palm, sugar snap peas, avocado, arugula and red onions tossed in a lemon herb vinaigrette",
    "short_name": "SS4",
"category_short_name": "SS",
    "small_portion_name": "pint",
    "large_portion_name": "quart",
    "price_small": 7.0,
    "price_large": 10.0
  },
  {
    "id": 881.0,
    "name": "Florentine Salad",
    "description": "Fresh fennel, romaine, arugula, orange segments, strawberries, green olives, almonds, onions, and goat cheese in a champagne vinaigrette dressing",
    "short_name": "SS5",
"category_short_name": "SS",
    "small_portion_name": "pint",
    "large_portion_name": "quart",
    "price_small": 3.0,
    "price_large": 6.0
  },
  {
    "id": 882.0,
    "name": "Burrata Salad",
    "description": "Fresh burrata cheese, roasted sweet peppers, charred cherry tomatoes, grilled baguette",
    "short_name": "SS6",
"category_short_name": "SS",
    "small_portion_name": "pint",
    "large_portion_name": "quart",
    "price_small": 6.0,
    "price_large": 9.0
  },
  {
    "id": 883.0,
    "name": "Watercress Salad",
    "description": "Watercress, Feta cheese, citrus champagne vinaigrette",
    "short_name": "SS7",
"category_short_name": "SS",
    "small_portion_name": "pint",
    "large_portion_name": "quart",
    "price_small": 6.0,
    "price_large": 9.0
  },
  {
    "id": 904.0,
    "name": "Ahi Tuna Tartar",
    "description": "Fresh diced Ahi tuna tartar, diced pineapple, cashews, spicy sesame-soy vinaigrette, guacamole, daikon sprouts",
    "short_name": "C1",
"category_short_name": "C",
    "small_portion_name": null,
    "large_portion_name": null,
    "price_small": 0.0,
    "price_large": 15.0
  },
  {
    "id": 905.0,
    "name": "Peruvian Ceviche",
    "description": "Fresh white fish marinated in fresh lime juice, red onion, fresh ginger, chili arbol",
    "short_name": "C2",
"category_short_name": "C",
    "small_portion_name": null,
    "large_portion_name": null,
    "price_small": 0.0,
    "price_large": 20.0
  },
  {
    "id": 906.0,
    "name": "Octopus Ceviche",
    "description": "Avocado, cucumber, tomato, lime juice, cilantro and Ají Amarillo chili",
    "short_name": "C3",
"category_short_name": "C",
    "small_portion_name": null,
    "large_portion_name": null,
    "price_small": 0.0,
    "price_large": 17.0
  },
  {
    "id": 907.0,
    "name": "Ceviche Sampler Trio",
    "description": "Sample of all our ceviches",
    "short_name": "C4",
"category_short_name": "C",
    "small_portion_name": null,
    "large_portion_name": null,
    "price_small": 0.0,
    "price_large": 27.0
  },
  {
    "id": 912.0,
    "name": "Churrasco",
    "description": "Marinated Flat Iron Steak topped with Cabrales cheese butter and chimichurri",
    "short_name": "MP1",
"category_short_name": "MP",
    "small_portion_name": "null",
    "large_portion_name": "null",
    "price_small": 0.0,
    "price_large": 20.0
  },
  {
    "id": 913.0,
    "name": "Pork Ribs",
    "description": "Achiote rubbed grilled pork ribs with pickled red onion-arugula salad",
    "short_name": "MP2",
"category_short_name": "MP",
    "small_portion_name": "null",
    "large_portion_name": "null",
    "price_small": 0.0,
    "price_large": 20.0
  },
  {
    "id": 914.0,
    "name": "Cuban Wrap",
    "description": "Adobo marinated pork tenderloin, fresh house made tortilla, watercress and piquillo peppers",
    "short_name": "MP3",
"category_short_name": "MP",
    "small_portion_name": "null",
    "large_portion_name": "null",
    "price_small": 0.0,
    "price_large": 20.0
  },
  {
    "id": 915.0,
    "name": "Chicken Livers",
    "description": "Roasted with Puscata vinegar, sherry, olives, garlic, fresh herbs, and dried prunes",
    "short_name": "MP4",
"category_short_name": "MP",
    "small_portion_name": "null",
    "large_portion_name": "null",
    "price_small": 0.0,
    "price_large": 21.0
  },
  {
    "id": 916.0,
    "name": "Banana Leaf Chicken",
    "description": "Braised chicken in chile, tomato and onion sauce, with steamed rice",
    "short_name": "MP5",
"category_short_name": "MP",
    "small_portion_name": "null",
    "large_portion_name": "null",
    "price_small": 0.0,
    "price_large": 22.0
  },
  {
    "id": 917.0,
    "name": "Braised Pork Belly",
    "description": "Slow roasted pork with an Oloroso sherry glaze, fresh green apple-papaya salad",
    "short_name": "MP6",
"category_short_name": "MP",
    "small_portion_name": "null",
    "large_portion_name": "null",
    "price_small": 0.0,
    "price_large": 21.0
  },
  {
    "id": 918.0,
    "name": "Arepas",
    "description": "Fresh corn arepas, cuban pork, arugula-cilantro salad",
    "short_name": "MP7",
"category_short_name": "MP",
    "small_portion_name": "null",
    "large_portion_name": "null",
    "price_small": 0.0,
    "price_large": 20.0
  },
  {
    "id": 919.0,
    "name": "Lamb Chops",
    "description": "Marinated, grilled lamb chops, patatas bravas, and chimichurri",
    "short_name": "MP8",
"category_short_name": "MP",
    "small_portion_name": "null",
    "large_portion_name": "null",
    "price_small": 0.0,
    "price_large": 23.0
  },
  {
    "id": 920.0,
    "name": "Lamb Enchiladas",
    "description": "Bolivian style with a green and red mole sauce",
    "short_name": "MP9",
"category_short_name": "MP",
    "small_portion_name": "null",
    "large_portion_name": "null",
    "price_small": 0.0,
    "price_large": 23.0
  },
  {
    "id": 943.0,
    "name": "Scallops Marbella",
    "description": "Fresh scallops, parsley-caper Gremolata, olive oil, preserved lemon",
    "short_name": "SF1",
"category_short_name": "SF",
    "small_portion_name": "null",
    "large_portion_name": "null",
    "price_small": 0.0,
    "price_large": 20.0
  },
  {
    "id": 944.0,
    "name": "Fried Calamari",
    "description": "Corn masa crusted with a side of chipotle chile aioli, parsley garlic sauce",
    "short_name": "SF2",
"category_short_name": "SF",
    "small_portion_name": "null",
    "large_portion_name": "null",
    "price_small": 0.0,
    "price_large": 20.0
  },
  {
    "id": 945.0,
    "name": "Mussels Pimenton",
    "description": "Prepared in a saffron cream sauce with Serrano ham",
    "short_name": "SF3",
"category_short_name": "SF",
    "small_portion_name": "null",
    "large_portion_name": "null",
    "price_small": 0.0,
    "price_large": 20.0
  },
  {
    "id": 946.0,
    "name": "Octopus",
    "description": "Grilled octopus, smoked pimentón, Moroccan spiced carrots with white bean salad",
    "short_name": "SF4",
"category_short_name": "SF",
    "small_portion_name": "null",
    "large_portion_name": "null",
    "price_small": 0.0,
    "price_large": 20.0
  },
  {
    "id": 947.0,
    "name": "Ahi Tuna",
    "description": "Seared sesame seed encrusted ahi tuna, with avocado and grilled Shishito pepper salsa",
    "short_name": "SF5",
"category_short_name": "SF",
    "small_portion_name": "null",
    "large_portion_name": "null",
    "price_small": 0.0,
    "price_large": 20.0
  },
  {
    "id": 948.0,
    "name": "Veal with Green Peppers",
    "description": "sliced veal sauteed with onions and green peppers in brown sauce",
    "short_name": "SF6",
"category_short_name": "SF",
    "small_portion_name": "null",
    "large_portion_name": "null",
    "price_small": 0.0,
    "price_large": 20.0
  },
  {
    "id": 949.0,
    "name": "Sizzling Shrimp",
    "description": "EVOO, garlic, chile árbol, fresh lime",
    "short_name": "SF7",
"category_short_name": "SF",
    "small_portion_name": "null",
    "large_portion_name": "null",
    "price_small": 0.0,
    "price_large": 20.0
  },
  {
    "id": 950.0,
    "name": "Paella Cascal",
    "description": "Imported Spanish Bomba rice cooked in smoked paprika sofrito and saffron spice with chicken, pork, chorizo sausage, shrimp, mussels, clams, peas, piquillo peppers",
    "short_name": "P1",
"category_short_name": "P",
    "small_portion_name": "half",
    "large_portion_name": "whole",
    "price_small": 28.0,
    "price_large": 52.0
  },
  {
    "id": 951.0,
    "name": "Paella Marinera",
    "description": "Imported Spanish Bomba rice cooked in saffron and shellfish stock with clams, mussels, fresh fish, shrimp, calamari and octopus",
    "short_name": "P2",
"category_short_name": "P",
    "small_portion_name": null,
    "large_portion_name": null,
    "price_small": 0.0,
    "price_large": 30.0
  },
  {
    "id": 952.0,
    "name": "Paella Rustica",
    "description": "Imported Spanish Bomba rice infused with saffron spice and chicken stock with braised pork, lamb, chorizo, morcilla, green beans, garbanzo sofritto and piquillo peppers",
    "short_name": "P3",
"category_short_name": "P",
    "small_portion_name": null,
    "large_portion_name": null,
    "price_small": 0.0,
    "price_large": 30.0
  },
  {
    "id": 953.0,
    "name": "Vegetarian Sliders",
    "description": "Impossible burger mix, hummus, harissa aioli, and roasted sweet peppers",
    "short_name": "VG1",
"category_short_name": "VG",
    "small_portion_name": null,
    "large_portion_name": null,
    "price_small": 0.0,
    "price_large": 12.0
  },
  {
    "id": 954.0,
    "name": "Eggplant Tiantian",
    "description": "Layered grilled eggplant, piquillo peppers, Manchego cheese, smoked tomato-paprika sauce",
    "short_name": "VG2",
"category_short_name": "VG",
    "small_portion_name": null,
    "large_portion_name": null,
    "price_small": 0.0,
    "price_large": 12.0
  },
  {
    "id": 955.0,
    "name": "Grilled Asparagus",
    "description": "In sauce gribiche",
    "short_name": "VG3",
"category_short_name": "VG",
    "small_portion_name": null,
    "large_portion_name": null,
    "price_small": 0.0,
    "price_large": 12.0
  },
  {
    "id": 956.0,
    "name": "Queso Fundido",
    "description": "Oaxacan cheese and smoked mushroom fondue, grilled poblano chiles, warm corn tortillas",
    "short_name": "VG4",
"category_short_name": "VG",
    "small_portion_name": null,
    "large_portion_name": null,
    "price_small": 0.0,
    "price_large": 12.0
  },
  {
    "id": 957.0,
    "name": "Fried Olives",
    "description": "Crispy fried cheese stuffed olives",
    "short_name": "VG5",
"category_short_name": "VG",
    "small_portion_name": null,
    "large_portion_name": null,
    "price_small": 0.0,
    "price_large": 8.0
  },
  {
    "id": 958.0,
    "name": "Potato Au Gratin",
    "description": "Layered potatoes, poblano chiles, spices, Parmesan crust",
    "short_name": "VG6",
"category_short_name": "VG",
    "small_portion_name": null,
    "large_portion_name": null,
    "price_small": 0.0,
    "price_large": 12.0
  },
  {
    "id": 959.0,
    "name": "Corn Poblano Saute",
    "description": "Fresh white corn, poblano chilies, onions, cotija cheese and crema",
    "short_name": "VG7",
"category_short_name": "VG",
    "small_portion_name": null,
    "large_portion_name": null,
    "price_small": 0.0,
    "price_large": 12.0
  },
  {
    "id": 960.0,
    "name": "Wild Mushroom Empanadas (2)",
    "description": "With Manchego cheese and truffle oil\n\n",
    "short_name": "VG8",
"category_short_name": "VG",
    "small_portion_name": null,
    "large_portion_name": null,
    "price_small": 0.0,
    "price_large": 12.0
  },
  {
    "id": 961.0,
    "name": "Roasted Cauliflower",
    "description": "Marinated and roasted with spices and a Sriracha aioli",
    "short_name": "VG9",
"category_short_name": "VG",
    "small_portion_name": null,
    "large_portion_name": null,
    "price_small": 0.0,
    "price_large": 12.0
  },
  {
    "id": 962.0,
    "name": "Spanish Tortilla",
    "description": "With saffron aioli",
    "short_name": "VG10",
"category_short_name": "VG",
    "small_portion_name": null,
    "large_portion_name": null,
    "price_small": 0.0,
    "price_large": 10.0
  },
  {
    "id": 999.0,
    "name": "Cuban Black Beans and White Rice",
    "description": "",
    "short_name": "SO1",
"category_short_name": "SO",
    "small_portion_name": null,
    "large_portion_name": null,
    "price_small": 0.0,
    "price_large": 7.0
  },
  {
    "id": 1000.0,
    "name": "Sweet Potato-Plantain Mash",
    "description": "",
    "short_name": "SO2",
"category_short_name": "SO",
    "small_portion_name": null,
    "large_portion_name": null,
    "price_small": 0.0,
    "price_large": 7.0
  },
  {
    "id": 1001.0,
    "name": "Spanish Fries",
    "description": "",
    "short_name": "SO3",
"category_short_name": "SO",
    "small_portion_name": null,
    "large_portion_name": null,
    "price_small": 0.0,
    "price_large": 6.0
  },
  {
    "id": 1002.0,
    "name": "Sautéed Spinach, Currant, Sherry",
    "description": "",
    "short_name": "SO4",
"category_short_name": "SO",
    "small_portion_name": null,
    "large_portion_name": null,
    "price_small": 0.0,
    "price_large": 6.0
  },
  {
    "id": 1003.0,
    "name": "Shishito Grilled Peppers",
    "description": "",
    "short_name": "SO5",
"category_short_name": "SO",
    "small_portion_name": null,
    "large_portion_name": null,
    "price_small": 0.0,
    "price_large": 6.0
  },
  {
    "id": 1006.0,
    "name": "Chocolate Truffle Cake",
    "description": "",
    "short_name": "DS1",
"category_short_name": "DS",
    "small_portion_name": null,
    "large_portion_name": "slice",
    "price_small": 0.0,
    "price_large": 4.0
  },
  {
    "id": 1007.0,
    "name": "Cappuccino Apricot Cake",
    "description": "",
    "short_name": "DS2",
"category_short_name": "DS",
    "small_portion_name": null,
    "large_portion_name": "slice",
    "price_small": 0.0,
    "price_large": 4.0
  }
]